station_id,name,river,lat,lon,elev
249170080,Dzierżkowice,Opawa (112),49.992222,17.846389,270.0
249180010,Pszczyna,Pszczynka (2116),49.995556,18.919167,270.0
249180020,Warszowice,Pszczynka (2116),49.991944,18.705556,270.0
249180030,Chałupki,Odra (1),49.925833,18.327500,198.0
249180070,Mazańcowice,Wapienica (21128),49.862500,18.969444,269.0
249180090,Rudzica,Iłownica (2112),49.853333,18.882500,337.0
249180130,Cieszyn,Olza (114),49.754167,18.648333,295.0
249180150,Wapienica,Wapienica (21128),49.773611,18.973333,456.0
249180160,BRENNA,Brennica (21114),49.753611,18.870833,350.0
249180170,Błatnia,Brennica (21114),49.746944,18.942500,882.0
249180180,"Równica, wieś",Wisła (2),49.719722,18.852500,768.0
249180210,SZCZYRK,Żylica (213274),49.705556,19.021389,593.0
249180220,CZANTORIA,Wisła (2),49.683333,18.819722,842.0
249180230,WISŁA,Wisła (2),49.654722,18.861389,430.0
249180240,WISŁA-MALINKA,Wisła (2),49.644722,18.967500,685.0
249180260,ISTEBNA-KUBALONKA,Olza (114),49.603611,18.901111,780.0
249180270,Istebna Młoda-Góra,Olza (114),49.580556,18.861944,786.0
249180280,ISTEBNA-STECÓWKA,Olza (114),49.585278,18.940278,735.0
249180390,BRENNA Leśnica,Brennica (21114),49.710000,18.903056,426.0
249180410,ISTEBNA-WIEŚ,Olza (114),49.568889,18.892222,578.0
249180520,RUDZICA,Iłownica (2112),49.853889,18.880833,345.0
249180530,ISTEBNA-STECÓWKA,Olza (114),49.584722,18.937778,725.0
249180550,Cieszyn,Olza (114),49.775000,18.609167,255.0
249180570,Międzyrzecze Górne,Wapienica (21128),49.839444,18.928333,312.0
249180580,Goczałkowice-Zdrój,Wisła (2),49.938333,18.933889,259.0
249180590,Ruptawa,Olza (114),49.936667,18.589444,230.0
249180620,Kończyce Małe,Piotrówka (1146),49.852222,18.638889,242.0
249180630,Kiczyce,Wisła (2),49.821667,18.799722,283.0
249180640,Brenna-Brennica,Brennica (21114),49.723333,18.907500,403.0
249190010,JAWISZOWICE,Wisła (2),49.959722,19.141944,260.0
249190030,LIBERTÓW,Wilga (21372),49.972500,19.895000,318.0
249190050,RADZISZÓW,Skawinka (21356),49.939722,19.809167,222.0
249190060,SIEPRAW,Skawinka (21356),49.904722,19.964722,267.0
249190080,WADOWICE,Skawa (2134),49.881944,19.518611,259.0
249190090,INWAŁD,Wieprzówka (21348),49.867222,19.388611,350.0
249190130,MIĘDZYBRODZIE BIALSKIE,Soła (2132),49.789444,19.196111,328.0
249190140,LESKOWIEC,Skawa (2134),49.795556,19.446667,872.0
249190150,STRÓŻA,Raba (2138),49.796389,19.917500,330.0
249190170,BOGDANÓWKA,Krzczonówka (213836),49.759444,19.788056,812.0
249190190,MAKÓW PODH.,Skawa (2134),49.725833,19.688056,361.0
249190210,ŁODYGOWICE,Żylica (213274),49.724167,19.160278,375.0
249190220,ŚLEMIEŃ,Łękawica (13498),49.717500,19.353056,447.0
249190230,Lubień,Lubieńka (213834),49.720833,19.970000,429.0
249190240,LACHOWICE KRALE,Stryszawka (21346),49.688333,19.417778,616.0
249190270,Osielec,Skawa (2134),49.678889,19.738889,439.0
249190280,KRZECZÓW,Lubieńka (213834),49.683611,19.910000,548.0
249190290,Lipowa,Soła (2132),49.666111,19.076667,530.0
249190310,Pewel Mała,Koszarawa (21324),49.660833,19.305833,425.0
249190320,LUBOŃ WIELKI,Lubieńka (213834),49.653333,19.992222,1021.0
249190340,KOSZARAWA,Soła (2132),49.655833,19.404444,595.0
249190350,ZAWOJA,Skawica (21344),49.611667,19.518611,697.0
249190380,Kamesznica,Bystra (213232),49.570000,19.064444,470.0
249190390,MARKOWE SZCZAWINY,Skawica (21344),49.587500,19.516389,1193.0
249190410,MILÓWKA,Soła (2132),49.559167,19.079444,485.0
249190420,Żabnica,Żabniczanka (213234),49.560833,19.187500,585.0
249190430,SOPOTNIA WIELKA,Koszarawa (21324),49.581667,19.299444,745.0
249190440,KORBIELÓW,Koszarawa (21324),49.568611,19.348333,650.0
249190460,SPYTKOWICE GÓRNE,Skawa (2134),49.564444,19.761667,639.0
249190470,Raba Wyżna,Raba (2138),49.564722,19.881667,536.0
249190480,LALIKI,Soła (2132),49.544722,19.016111,680.0
249190520,OBIDOWA,Raba (2138),49.544167,19.968611,805.0
249190530,PILSKO,Koszarawa (21324),49.541111,19.318333,1278.0
249190540,RAJCZA,Soła (2132),49.506111,19.105278,495.0
249190560,JABŁONKA,Piekielnik (82224),49.472222,19.695833,614.0
249190580,RYCERKA GÓRNA,Soła (2132),49.426389,19.008333,710.0
249190610,RATUŁÓW,Wielki Rogoźnik (214116),49.391667,19.883611,679.0
249190620,BAŃSKA WYŻNA,Biały Dunajec (21412),49.384167,19.973333,896.0
249190630,WITÓW,Dunajec (214),49.327500,19.825000,822.0
249190640,NOWE BYSTRE,Wielki Rogoźnik (214116),49.332222,19.929167,870.0
249190660,KOŚCIELISKO-KIRY,Kirowa Woda (214112),49.277500,19.869444,922.0
249190670,POLANA CHOCHOŁ.,Dunajec (214),49.236944,19.788611,1145.0
249190680,HALA ORNAK,Kirowa Woda (214112),49.229167,19.859444,1109.0
249190750,Soblówka,Woda Ujsolska (21322),49.437500,19.148333,702.0
249190770,Straconka,Biała (2114),49.793889,19.107222,450.0
249190780,Gubałówka,Biały Dunajec (21412),49.305556,19.929722,1123.0
249190790,Ratułów,Wielki Rogoźnik (214116),49.391667,19.884167,679.0
249190810,Kalwaria Zebrzydowska.,Cedron (213568),49.870000,19.685278,312.0
249190820,Koszarawa,Koszarawa (21324),49.672222,19.413889,671.0
249190830,Kościelisko-Kiry,Kirowa Woda (214112),49.277778,19.870833,933.0
249190840,Rajcza,Soła (2132),49.508056,19.115278,505.0
249190850,Rycerka Górna,Soła (2132),49.425833,19.008056,720.0
249190860,Soblówka,Woda Ujsolska (21322),49.456667,19.145278,620.0
249190870,Ślemień,Łękawica (13498),49.715833,19.374444,480.0
249190880,Wadowice,Skawa (2134),49.877222,19.511111,265.0
249190890,RADZIECHOWY,Soła (2132),49.648611,19.155556,395.0
249190920,LIPNICA WIELKA,Czarna Orawa (8222),49.537778,19.545278,819.0
249190960,Budzów,Paleczka (2134732),49.773889,19.659444,342.0
249190970,Sidzina,Bystrzanka (21342),49.619444,19.726944,546.0
249190980,Sucha Beskidzka,Skawa (2134),49.753889,19.605833,324.0
249190990,Jordanów,Skawa (2134),49.643056,19.841667,534.0
249191020,Skawica,Skawica (21344),49.686389,19.666944,409.0
249191030,Kopytówka,Wisła (2),49.933611,19.636111,309.0
249200020,ŁAZY,Wisła (2),49.965278,20.495278,245.0
249200050,STRADOMKA,Stradomka (21388),49.920833,20.309167,226.0
249200060,Gnojnik,Uszwica (21396),49.895278,20.588333,310.0
249200070,DOBCZYCE,Raba (2138),49.877500,20.070556,308.0
249200080,Łapanów,Stradomka (21388),49.875278,20.283611,265.0
249200110,JODŁOWNIK,Stradomka (21388),49.770833,20.224722,384.0
249200120,ROZDZIELE,Stradomka (21388),49.785278,20.416111,627.0
249200130,JASTRZĘBIA,Biała (2148),49.786389,20.896389,288.0
249200140,WĘGLÓWKA,Raba (2138),49.750278,20.074444,512.0
249200180,LIMANOWA,Łososina (21472),49.693611,20.418333,515.0
249200210,PÓŁRZECZKI,Łososina (21472),49.652500,20.215000,650.0
249200220,ROZTOKA,Dunajec (214),49.640278,20.383333,815.0
249200230,GRYBÓW,Biała (2148),49.619722,20.948056,335.0
249200240,PTASZKOWA,Biała (2148),49.600278,20.886667,520.0
249200250,JASIONÓW,Raba (2138),49.589722,20.025833,742.0
249200260,ŁĄCKO,Dunajec (214),49.559722,20.439444,366.0
249200270,TURBACZ,Dunajec (214),49.544722,20.118056,1273.0
249200280,ŁABOWA,Kamienica (21432),49.526111,20.858611,455.0
249200290,OCHOTNICA GÓRNA,Dunajec (214),49.510278,20.244722,617.0
249200310,KOWANIEC,Dunajec (214),49.490833,20.046944,623.0
249200320,ŁOPUSZNA,Dunajec (214),49.474167,20.123611,570.0
249200330,STUDZIONKI,Dunajec (214),49.495278,20.211944,904.0
249200340,DĘBNO,Białka (214154),49.465833,20.209444,536.0
249200350,HUTA,Poprad (2142),49.465000,20.956667,756.0
249200360,MIZERNA,Dunajec (214),49.455278,20.281944,570.0
249200370,KROŚCIENKO,Dunajec (214),49.445556,20.431667,435.0
249200380,SZAFLARY,Biały Dunajec (21412),49.424722,20.030833,643.0
249200420,NIEDZICA,Niedziczanka (214172),49.417778,20.315833,534.0
249200440,JAWORZYNA KRYNIC.,Poprad (2142),49.417778,20.895278,1110.0
249200450,BIAŁKA TATRZAŃSKA,Białka (214154),49.412222,20.107222,680.0
249200470,KRYNICA,Poprad (2142),49.407778,20.960833,582.0
249200480,BUKOWINA,Białka (214154),49.337500,20.098333,902.0
249200490,MUSZYNA,Poprad (2142),49.349722,20.886389,445.0
249200530,ŁYSA POLANA,Białka (214154),49.263611,20.115000,970.0
249200540,HALA GĄSIENICOWA,Dunajec (214),49.243889,20.005833,1523.0
249200550,DOLINA 5 STAWÓW,Dunajec (214),49.213611,20.047778,1674.0
249200570,TRZEMEŚNIA,Raba (2138),49.812500,20.012778,347.0
249200910,MORSKIE OKO,Rybi Potok (2141542),49.201111,20.071389,1400.0
249200920,PIWNICZNA,Poprad (2142),49.425000,20.723056,380.0
249200930,PORONIN,Poroniec (214128),49.330278,20.035278,776.0
249200950,Szaflary,Biały Dunajec (21412),49.416111,20.025278,636.0
249200960,NOWY TARG-KOWANIEC,Dunajec (214),49.486389,20.055000,590.0
249200980,MSZANA DOLNA,Raba (2138),49.663611,20.054444,440.0
249200990,WRONOWICE,Łososina (21472),49.736389,20.590556,270.0
249201010,SIERCZA,Wilga (21372),49.972500,20.033889,336.0
249201020,Ostrowsko,Dunajec (214),49.480000,20.093889,568.0
249201030,Dobra,Łososina (214734),49.727500,20.273333,427.0
249201050,Królówka,Stradomka (21388),49.887222,20.433333,291.0
249201060,Tylmanowa,Ochotnica (2141976),49.518056,20.387500,404.0
249210010,PILZNO,Wisłoka (218),49.987222,21.308333,195.0
249210030,TUCHÓW,Biała (2148),49.903889,21.047500,220.0
249210040,ŻARNOWA,Wisłok (226),49.877778,21.816389,220.0
249210070,BIECZ-GRUDNA,Ropa (2182),49.735278,21.295556,285.0
249210080,JASŁO,Jasiołka (2184),49.735556,21.485000,228.0
249210090,GORLICE,Sękówka (21826),49.655278,21.171111,300.0
249210120,NOWY ŻMIGRÓD,Wisłoka (218),49.611667,21.533333,300.0
249210130,Zboiska,Jasiołka (2184),49.577500,21.695833,320.0
249210140,DUKLA,Jasiołka (2184),49.566944,21.680556,385.0
249210150,IWONICZ-ZDRÓJ,Lubatówka (22632),49.567222,21.788333,425.0
249210160,ORZECHÓWKA,Wisłok (226),49.716667,21.961389,310.0
249210170,BARTNE,Sękówka (21826),49.558611,21.345556,540.0
249210180,KREMPNA,Wisłoka (218),49.515833,21.489444,380.0
249210190,WISŁOCZEK,Wisłok (226),49.500833,21.865556,520.0
249210210,PUŁAWY DOLNE,Wisłok (226),49.490000,21.907222,395.0
249210220,WYSZOWADKA,Wisłoka (218),49.453889,21.420833,506.0
249210230,WYSOWA,Ropa (2182),49.438056,21.172500,519.0
249210240,BARWINEK,Jasiołka (2184),49.431111,21.684722,465.0
249210250,JAŚLISKA,Jasiołka (2184),49.440000,21.810000,440.0
249210260,TYLICZ,Poprad (2142),49.392222,21.008889,585.0
249210270,WISŁOK WIELKI,Wisłok (226),49.378611,21.999167,540.0
249210280,Kunkowa,Przysłopianka (218232),49.550000,21.124722,413.0
249210340,Krempna,Wisłoka (218),49.516389,21.484167,380.0
249210350,Moszczaniec,Wisłok (226),49.422222,21.912778,467.0
249210370,Ropica Górna,Sękówka (21826),49.596111,21.231389,357.0
249210390,Uście Gorlickie,Ropa (2182),49.526944,21.131944,398.0
249210420,Smerekowiec,Zdynia (218234),49.505278,21.233889,451.0
249220010,KAŃCZUGA,Mleczka (2268),49.985278,22.407222,215.0
249220040,DYNÓW,San (22),49.835278,22.235000,249.0
249220060,BIRCZA,San (22),49.687222,22.481111,324.0
249220070,RYBOTYCZE,Wiar (224),49.654444,22.640000,289.0
249220080,SANOK-TREPCZA,San (22),49.584722,22.185278,307.0
249220110,NOWOTANIEC,Pielnica (22618),49.507778,22.025278,405.0
249220120,LESZCZOWATE,San (22),49.507222,22.547778,486.0
249220130,Brzegi Dolne,Strwiąż (76),49.443333,22.621111,438.0
249220140,SZCZAWNE,Osława (222),49.398889,22.146944,395.0
249220150,SOLINA-JAWOR,San (22),49.400000,22.468333,459.0
249220160,TELEŚNICA OSZWAROWA,San (22),49.380278,22.531111,449.0
249220170,BALIGRÓD-MCHAWA,Hoczewka (2218),49.353889,22.283611,430.0
249220180,KOMAŃCZA,Osława (222),49.339167,22.063333,478.0
249220190,SAKOWCZYK,San (22),49.314722,22.447500,561.0
249220210,TERKA,Solinka (2212),49.297222,22.426944,446.0
249220220,POLANA,Czarna (22132),49.303333,22.576667,458.0
249220230,LUTOWISKA,San (22),49.243056,22.683333,666.0
249220240,ŻUBRACZE,Solinka (22134),49.208889,22.271667,623.0
249220250,CISNA,Solinka (2212),49.212778,22.331111,549.0
249220260,DWERNIK,San (22),49.220833,22.633889,543.0
249220270,KALNICA,Wetlina (22126),49.197222,22.424167,577.0
249220280,STUPOSIANY,Wołosaty (22114),49.191667,22.683056,547.0
249220290,ROZTOKI GÓRNE,Solinka (22134),49.153333,22.314444,700.0
249220310,WETLINA,Wetlina (221346),49.144722,22.471944,708.0
249220320,POŁONINA WETLIŃSKA,Wetlina (221346),49.157778,22.551667,1226.0
249220330,TARNAWA  NIŻNA,San (22),49.124722,22.791389,708.0
249220340,WOŁOSATE,Wołosaty (22114),49.064167,22.685833,752.0
249220350,WYŻNIAŃSKI WIERCH,San (22),49.121944,22.585833,913.0
249220360,BUKOWIEC,Solinka (2212),49.305833,22.413611,435.0
249220370,Zatwarnica,San (22),49.215833,22.552222,-9999.0
250140010,Wyszków,Nysa Łużycka (174),50.967500,14.993056,330.0
250140020,Sieniawka,Nysa Łużycka (174),50.893611,14.835278,234.0
250140030,Bogatynia,Miedzianka (17416),50.899722,14.980556,290.0
250150030,Pobiedna,Łużyca (166324),50.951944,15.308611,409.0
250150050,Pilchowice,Bóbr (16),50.962778,15.640000,251.0
250150060,Rębiszów,Skitnica (166246),50.951667,15.448889,420.0
250150080,Stara Kamienica,Kamienica (1632),50.916944,15.574167,374.0
250150090,Świeradów-Zdrój,Kwisa (166),50.898333,15.358611,510.0
250150110,Kaczorów,Kaczawa (138),50.908889,15.935833,491.0
250150130,Ciechanowice,Bóbr (16),50.867222,15.977222,405.0
250150150,Szklarska Poręba,Kamieńczyk (1622),50.834444,15.529167,648.0
250150170,Jakuszyce,Kamienna (162),50.823056,15.441944,855.0
250150180,Jagniątków,Wrzosówka (1628),50.820000,15.611944,549.0
250150190,Kowary,Jedlica (16188),50.803611,15.824167,430.0
250150210,Przesieka,Podgórna (16288),50.798889,15.667222,646.0
250150220,Karpacz,Skałka (161844),50.778889,15.769444,567.0
250150240,Paczyn,Bachorzyna (161154),50.739722,15.911389,643.0
250150250,Paprotki,Bachorzyna (161154),50.726667,15.948056,543.0
250150260,Bukówka,Bóbr (16),50.712778,15.957222,511.0
250150340,Borowice,Kacza (162886),50.789167,15.690000,660.0
250150350,Podgórzyn,Podgórna (16288),50.825556,15.687500,385.0
250150510,Mirsk,Czarny Potok (16632),50.986944,15.383333,338.0
250150530,Świeradów-Zdrój II,Kwisa (166),50.905833,15.325556,595.0
250150540,Czernica,Biały Potok (16344),50.974444,15.717500,299.0
250150550,Szrenica,Bóbr (16),50.790833,15.512222,1327.0
250150560,Mała Kopa,Łomniczka (16184),50.743611,15.726111,1341.0
250150570,Mysłów,Mokrzyna (13812),50.932500,15.983056,464.0
250150580,Jarkowice,Bóbr (16),50.736389,15.873611,650.0
250150590,Niedamirów,Bóbr (16),50.691111,15.870556,685.0
250160010,Strzegom,Strzegomka (1348),50.963889,16.376389,211.0
250160030,Bolków,Nysa Szalona (1384),50.925000,16.098611,310.0
250160060,Sobótka,Czarna Woda (1346),50.902222,16.759444,156.0
250160070,Borów,Ślęza (1336),50.882222,16.990000,145.0
250160090,Pszenno,Piława (1344),50.861389,16.528611,223.0
250160120,Lubomin,Dopływ z Lubomina (134822),50.803611,16.195833,464.0
250160130,Szczawno-Zdrój,Szczawnik (134864),50.806667,16.241111,431.0
250160150,Kamienna Góra,Bóbr (16),50.792778,16.036111,464.0
250160170,Lubachów,Bystrzyca (134),50.763889,16.428611,305.0
250160190,Boguszów-Gorce,Lesk (1616),50.749444,16.190000,518.0
250160220,Jedlina-Zdrój,Jedlina (13416),50.718611,16.349167,436.0
250160260,Dzierżoniów,Piława (1344),50.743333,16.624167,252.0
250160270,Walim,Walimka (13418),50.702778,16.439167,489.0
250160290,Chełmsko Śląskie,Zadrna (1614),50.670833,16.070000,498.0
250160310,Mieroszów,Ścinawka (122),50.662500,16.175833,493.0
250160320,Ostroszowice,Jadkowa (12322),50.646111,16.632500,373.0
250160350,Srebrna Góra,Budzówka (1232),50.577222,16.664722,405.0
250160360,Tarnów,Budzówka (1232),50.575278,16.792778,296.0
250160410,Bardo,Nysa Kłodzka (12),50.509167,16.744167,321.0
250160450,Kudowa-Zdrój,Klikawa (946),50.438056,16.221944,364.0
250160480,Słoszów,Wapienny (12182),50.410000,16.379444,556.0
250160490,Polanica-Zdrój,Bystrzyca Dusznicka (1218),50.425278,16.518333,389.0
250160510,Ołdrzychowice Kłodzkie,Biała Lądecka (1216),50.356667,16.734722,349.0
250160520,Lądek-Zdrój,Biała Lądecka (1216),50.339167,16.857500,450.0
250160530,Zieleniec,Bystrzyca Dusznicka (1218),50.330000,16.394167,840.0
250160560,Stronie Śląskie,Biała Lądecka (1216),50.302500,16.866111,502.0
250160580,Spalona,Bystrzyca (1214),50.276667,16.538333,815.0
250160590,Długopole-Zdrój,Nysa Kłodzka (12),50.249722,16.633333,364.0
250160610,Bolesławów,Morawka (12162),50.254722,16.890833,602.0
250160620,Kamienica,Kamienica (121624),50.227222,16.884167,682.0
250160630,Międzygórze,Wilczka (1212),50.218611,16.773611,795.0
250160650,Międzylesie,Nysa Kłodzka (12),50.153333,16.670833,453.0
250160840,Szalejów Górny,Bystrzyca Dusznicka (1218),50.430556,16.552500,335.0
250160910,SREBRNA GÓRA II,Budzówka (1232),50.580833,16.668333,380.0
250160920,Piława Górna,Piława (1344),50.689444,16.732500,296.0
250160930,Karłów,Czerwona Woda (121848),50.474167,16.336944,753.0
250160940,Nowa Wieś,Nowinka (121146),50.197778,16.745000,555.0
250160950,Kwietniki,Nysa Mała (13846),50.966944,16.142778,256.0
250160960,Stary Gierałtów,Biała Lądecka (1216),50.310000,16.917500,535.0
250160970,Śnieżnik,Wilczka (1212),50.208333,16.832500,1218.0
250160980,Wolibórz,Ścinawka (122),50.590556,16.578056,518.0
250161020,ZIELENIEC II,Bystrzyca Dusznicka (1218),50.344444,16.399167,721.0
250161030,Rzeczka,Walimka (13418),50.676667,16.447500,624.0
250161040,Złoty Stok,Nysa Kłodzka (12),50.429722,16.850556,536.0
250161060,Łomnica,Bystrzyca (134),50.672222,16.328333,570.0
250161070,Jodłów,Nysa Kłodzka (12),50.172778,16.771111,828.0
250161080,Starkówek,Nysa Kłodzka (12),50.373333,16.518056,484.0
250161090,Wolbromek,Nysa Szalona (1384),50.929722,16.127222,290.0
250170110,Dobrogoszcz,Pluskawa (133646),50.758611,17.017222,175.0
250170250,Otmuchów,Nysa Kłodzka (12),50.472222,17.166389,212.0
250170290,Dziewiętlice,Świdna (12548),50.411389,17.084167,241.0
250170330,Głuchołazy,Biała Głuchołaska (1258),50.302222,17.387222,348.0
250170340,Jarnołtówek,Złoty Potok (117644),50.288056,17.438056,346.0
250170390,Głubczyce,Psina (1152),50.181944,17.794722,290.0
250170770,Unikowice,Nysa Kłodzka (12),50.442500,17.008611,248.0
250170790,Wojnowice,Troja (11526),50.133611,17.868333,283.0
250170810,Branice,Opawa (112),50.051111,17.775833,290.0
250170840,Meszno,Nysa Kłodzka (12),50.432500,17.141389,213.0
250170850,Kujawy,Osobłoga (1176),50.436944,17.803889,180.0
250170860,Przylesie,Oława (1334),50.782222,17.349722,164.0
250170870,Opole-WIK,Odra (1),50.681111,17.901111,149.0
250170880,Borek Strzeliński,Ślęza (1336),50.868889,17.088611,-9999.0
250180110,Dobrodzień,Myślinka (118384),50.729167,18.425556,227.0
250180190,Krupski Młyn,Mała Panew (118),50.569167,18.623333,225.0
250180210,Zielona,Mała Panew (118),50.549167,18.968056,284.0
250180250,Brynica,Brynica (2126),50.471667,18.998889,283.0
250180270,Świerklaniec,Brynica (2126),50.428889,18.942500,285.0
250180330,Łabędy,Kłodnica (116),50.341944,18.615278,208.0
250180380,Sukowice,Cisek (11594),50.262778,18.169722,180.0
250180450,Zwonowice,Sumina (11568),50.142778,18.437778,260.0
250180530,Kietrz,Odra (1),50.082222,18.010278,220.0
250180540,Rydułtowy,Odra (1),50.050278,18.429444,295.0
250180560,Żory,Ruda (1156),50.053611,18.696389,245.0
250180580,Droniowice,Liswarta (1816),50.695278,18.808056,270.0
250180590,RYBNIK-STODOŁY,Ruda (1156),50.154444,18.483056,216.0
250180640,Zabrze,Kłodnica (116),50.365000,18.753611,270.0
250180650,Pławniowice,Kłodnica (116),50.376389,18.482222,218.0
250180660,Ruda Śląska,Kłodnica (116),50.246944,18.820000,236.0
250180670,Trzebiszyn,Budkowiczanka (1328),50.865000,18.190833,196.0
250180680,Czerwionka-Leszczyny,Bierawka (1158),50.154444,18.663611,246.0
250180690,Pilchowice,Bierawka (1158),50.224167,18.591944,221.0
250180710,Boguszyce,Kłodnica (116),50.436944,18.510278,211.0
250180720,Modzurów,Odra (1),50.160556,18.138889,244.0
250180730,Bierawa,Odra (1),50.282222,18.244722,178.0
250180740,Sierakowice,Odra (1),50.265556,18.431389,203.0
250180750,Wąsice,Stobrawa (132),50.985000,18.029722,169.0
250180760,Strzelce Opolskie,Mała Panew (118),50.517778,18.311111,229.0
250180770,Sieroniowice,Kłodnica (116),50.450278,18.359167,263.0
250180780,Świerklany,Olza (114),50.012222,18.585833,285.0
250180790,Sowczyce,Potok Sowczycki (1816364),50.848056,18.486389,233.0
250190010,Januszewice,Czarna (Włoszczowska) (2542),50.941944,19.961111,220.0
250190030,Silniczka,Pilica (254),50.921944,19.758889,215.0
250190080,Wąsosz,Pilica (254),50.737500,19.685833,230.0
250190140,Żarki,Warta (18),50.640000,19.380278,380.0
250190150,BONOWICE,Pilica (254),50.621111,19.793611,260.0
250190160,Lgota Górna,Warta (18),50.600833,19.235278,320.0
250190170,Kręciwilk,Warta (18),50.545278,19.370278,307.0
250190180,PIWOŃ,Przemsza (212),50.483056,19.251111,295.0
250190210,Pilica,Pilica (254),50.459722,19.646944,351.0
250190220,Łazy,Przemsza (212),50.431111,19.383889,350.0
250190260,Golczowice,Biała Przemsza (2128),50.360000,19.595833,324.0
250190290,OLEWIN,Biała Przemsza (2128),50.276944,19.603611,398.0
250190310,Maczki,Biała Przemsza (2128),50.258611,19.262778,265.0
250190380,Bieruń Stary,Mleczna (21188),50.084167,19.094722,255.0
250190390,Kraków - Obserwatorium,Wisła (2),50.063889,19.958611,204.0
250190470,WOLA JUSTOWSKA,Rudawa (2136),50.063889,19.890278,204.0
250190510,Piwoń,Przemsza (212),50.484444,19.245000,300.0
250190520,TYCHY,Gostynia (2118),50.131944,19.001111,255.0
250190530,Katowice Pyrzowice,Brynica (2126),50.477222,19.095000,301.0
250190780,Będkowice,Rudawa (2136),50.179167,19.769444,434.0
250190790,Chrzanów,Wisła (2),50.112500,19.376667,252.0
250190810,Lubsza,Mała Panew (118),50.609722,19.004167,335.0
250190820,Dąbrowa Górnicza,Przemsza (212),50.402222,19.264444,321.0
250190830,Mysłów,Dopływ spod Mysłowa (1811342),50.572778,19.215000,322.0
250190840,Rokitno Szlacheckie,Przemsza (212),50.435278,19.431111,343.0
250190850,TROKS,Biała Przemsza (2128),50.303889,19.635833,411.0
250190860,Wywła,Pilica (254),50.615556,19.925278,282.0
250190880,Sułoszowa,Prądnik (21374),50.258333,19.740000,442.0
250190920,Koryczany,Pilica (254),50.489444,19.934722,323.0
250200010,BARTKÓW,Bobrza (216482),50.978611,20.649722,330.0
250200040,Bodzentyn,Świślina (2348),50.946944,20.951389,270.0
250200050,RYKOSZYN,Wierna Rzeka (2162),50.865556,20.411667,274.0
250200110,CISÓW,Czarna (2178),50.758611,20.902778,326.0
250200130,KLISZÓW,Nida (216),50.612500,20.524722,206.0
250200210,MIECHÓW,Szreniawa (21392),50.362778,20.032778,299.0
250200220,SIELEC,Nidzica (21398),50.318611,20.420556,200.0
250200230,BORUSOWA,Wisła (2),50.277778,20.786944,171.0
250200250,RADZIEMICE,Szreniawa (21392),50.253333,20.230833,240.0
250200280,IGOŁOMIA,Wisła (2),50.093611,20.256389,202.0
250200290,BORZĘCIN,Uszwica (21396),50.065833,20.710000,192.0
250200360,DĄBROWA TARNOWSKA,Breń (2174),50.186111,20.991111,197.0
250200370,KONIECZNO,Nida (216),50.794167,20.034167,268.0
250200380,BIELINY PODUCHOWNE,Czarna Nida (2164),50.849444,20.958889,321.0
250200490,Kokotów,Wisła (2),50.021667,20.070833,-9999.0
250200520,Dobrowoda,Nida (216),50.394444,20.765556,208.0
250200550,Brończyce,Szreniawa (21392),50.233333,20.103333,256.0
250210020,Nosów,Pokrzywianka (23484),50.919167,21.219167,265.0
250210030,Annopol,Wisła (2),50.889444,21.834167,165.0
250210040,SŁUPIA NOWA,Pokrzywianka (23484),50.864167,21.083333,290.0
250210050,Święty Krzyż,Pokrzywianka (23484),50.859444,21.051389,575.0
250210070,BARANÓWEK,Koprzywianka (2194),50.770000,21.257778,283.0
250210080,SADKÓW,Czarna (2178),50.736667,21.077222,365.0
250210090,JASTRZĘBSKA WOLA,Łagowica (217832),50.724722,21.186944,263.0
250210110,RAKÓW,Czarna (2178),50.671667,21.048611,220.0
250210120,KLIMONTÓW,Koprzywianka (2194),50.653333,21.450278,203.0
250210130,STASZÓW,Czarna (2178),50.595000,21.185000,219.0
250210160,MAJDAN KRÓLEWSKI,Łęg (2198),50.366667,21.751944,200.0
250210170,WILCZA WOLA,Łęg (2198),50.341389,21.931944,190.0
250210180,CHORZELÓW,Wisła (2),50.348056,21.444167,170.0
250210210,MIELEC,Wisłoka (218),50.279444,21.432778,170.0
250210220,KOLBUSZOWA,Łęg (2198),50.262222,21.745833,200.0
250210230,RADOMYŚL WIELKI,Breń (2174),50.199722,21.269722,190.0
250210240,ZAWADA,Brzeźnica (2188),50.063889,21.493333,200.0
250210260,SĘDZISZÓW MAŁOPOLSKI,Brzeźnica (2188),50.078056,21.703611,210.0
250210280,Wola Raniżowska,Łęg (2198),50.301111,21.992222,195.0
250210290,Łubnice,Wisła (2),50.396944,21.154722,162.0
250210330,Klimontów,Koprzywianka (2194),50.652500,21.463611,210.0
250220020,Zakrzówek,Bystrzyca (246),50.929444,22.372500,270.0
250220030,Wysokie,Pór (24174),50.917778,22.666944,260.0
250220050,Zakłodzie,Pór (24174),50.757500,22.861389,205.0
250220080,FRAMPOL,Bukowa (2294),50.675000,22.666111,243.0
250220120,JAROCIN,Bukowa (2294),50.568611,22.306667,183.0
250220130,BRODZIAKI,Łada (2286),50.506667,22.790000,201.0
250220140,Tarnogróg,Tanew (228),50.356667,22.756667,237.0
250220210,JAROSŁAW,San (22),50.018333,22.696389,181.0
250220220,Jarosław,San (22),50.021111,22.702500,180.0
250220230,Piwoda,San (22),50.076389,22.755000,183.0
250220240,Bukownica,Łada (2286),50.560556,22.846667,235.0
250220250,Piskorowice,San (22),50.245556,22.516944,171.0
250230020,Nielisz,Wieprz (24),50.805000,23.038611,200.0
250230060,Józefów,Tanew (228),50.487500,23.058333,257.0
250230070,Tomaszów Lubelski,Bug (26714),50.458056,23.398889,270.0
250230130,FUTORY,Lubaczówka (2256),50.196667,23.046389,239.0
250230140,WIELKIE OCZY,Szkło (2254),50.017778,23.158333,236.0
250230160,CIESZANÓW,Tanew (228),50.233611,23.118056,217.0
250230170,Jędrzejówka,Tanew (228),50.329722,23.342778,285.0
250230180,Grabowiec Góra,Wolica (2432),50.812500,23.570000,268.0
250230190,Kolonia Nowosiółki,Huczwa (267142),50.541667,23.916111,248.0
250240010,Strzyżów,Bug (266),50.840000,24.035556,181.0
250240070,Gołębie,Bug (26714),50.634722,24.083056,204.0
251140060,Sobolice,Nysa Łużycka (174),51.388333,14.975000,150.0
251140110,Sanice,Nysa Łużycka (174),51.406111,14.975833,150.0
251150030,Nowogród Bobrzański,Bóbr (16),51.799444,15.253056,102.0
251150080,Grabik,Czarna (164382),51.652500,15.111389,166.0
251150110,Żagań,Bóbr (16),51.649722,15.293611,96.0
251150130,Łozy,Kwisa (166),51.489444,15.366944,128.0
251150180,Tomaszów Bolesławiecki,Bobrzyca (1638),51.276389,15.677500,186.0
251150220,Nowogrodziec,Kwisa (166),51.195556,15.395278,206.0
251150280,Twardocice,Gajowa (138664),51.090556,15.747500,253.0
251150290,Sulików,Czerwona Woda (1744),51.076944,15.065000,214.0
251150320,Bierna,Czerwona Woda (1744),51.038889,15.116389,265.0
251150340,Gryfów Śląski,Kwisa (166),51.026667,15.409444,312.0
251150350,Lubomierz,Oldza (1664),51.015278,15.502778,365.0
251150360,Świerzawa,Kaczawa (138),51.016944,15.888889,299.0
251150390,Złotniki Lubańskie,Zb. Złotniki (166513),51.013889,15.340556,360.0
251150410,ŚWIERZAWA,Kaczawa (138),51.016944,15.888889,260.0
251150420,STANKOWICE,Kwisa (166),51.016667,15.313611,335.0
251150430,Białków,Lubsza (1748),51.776944,15.021667,85.0
251150440,Siecieborzyce,Bóbr (16),51.665556,15.536944,150.0
251150450,Pieńsk,Nysa Łużycka (174),51.260000,15.040278,164.0
251150470,Miedziana,Czerwona Woda (1744),51.020833,15.116389,295.0
251160110,Osetno,Barycz (14),51.631944,16.464167,87.0
251160150,POLKOWICE DOLNE,Mokrzyca (16418),51.500556,16.056111,160.0
251160170,Chwałkowice,Rudawka (145444),51.448333,16.613056,178.0
251160190,LUBIN,Zimnica (1392),51.411944,16.216944,131.0
251160220,Oborniki Śląskie,Odra (1),51.289444,16.930556,160.0
251160290,Jawor,Nysa Szalona (1384),51.063333,16.183611,188.0
251160320,RADZYŃ,Obrzyca (156),51.872500,16.037778,60.0
251160360,GŁOGÓW,Odra (1),51.672500,16.060000,75.0
251160420,Pysząca,Odra (1),51.256389,16.679722,110.0
251170030,Witaszyce,Lutynia (1852),51.945556,17.553333,130.0
251170090,Smolice,Rdęca (1464),51.694167,17.179722,105.0
251170140,Milicz,Barycz (14),51.511111,17.277222,118.0
251170210,Trzebnica,Kanał Trzebnicki (14428),51.322778,17.068056,155.0
251170270,Bierutów,Widawa (136),51.118889,17.544722,141.0
251170290,Namysłów,Widawa (136),51.065833,17.715833,152.0
251170360,Ostrów Wielkopolski,Ołobok (1844),51.660833,17.873333,123.0
251170380,WOLA KSIĄŻĘCA,Lutynia (1852),51.961389,17.589167,118.0
251170430,OSTRZESZÓW II,Dąbrówka (1412),51.434444,17.915556,186.0
251170440,Drołtowice,Widawa (136),51.335000,17.596111,200.0
251180020,Zbiersk,Czarna Struga (183566),51.943333,18.150278,125.0
251180040,Poddębice,Ner (1832),51.885556,18.959722,130.0
251180050,Lisków,Swędrnia (18482),51.835278,18.410000,147.0
251180090,Sieradz,Warta (18),51.593056,18.687222,140.0
251180140,Złoczew,Oleśnica (1818),51.421111,18.599167,175.0
251180150,Mirków,Prosna (184),51.310278,18.146389,156.0
251180160,Osjaków,Warta (18),51.283056,18.783611,156.0
251180190,Siemianice,Prosna (184),51.182778,18.143056,180.0
251180240,Jastrzygowice,Prosna (184),51.001111,18.456944,202.0
251180310,Kiełczygłów,Nieciecz (18292),51.237222,18.985000,175.0
251180320,Kraszewice,Łużyca (18438),51.530278,18.204722,131.0
251180330,Działoszyn,Warta (18),51.120000,18.873889,191.0
251180350,SIERADZ-DZIGORZEW,Warta (18),51.624167,18.704722,128.0
251190140,Plucice,Luciąża (25452),51.203611,19.601944,204.0
251190150,Dobryszyce,Widawka (182),51.138889,19.428333,259.0
251190160,Przedbórz,Pilica (254),51.090556,19.875278,190.0
251190190,Łask,Grabia (1828),51.585556,19.178611,189.0
251190210,Szczerców,Widawka (182),51.340833,19.119167,160.0
251190220,Dobryszyce II,Widawka (182),51.147500,19.408333,216.0
251190230,Jarosty,Luciąża (25452),51.462500,19.691944,197.0
251190240,Wierzbowa,Ner (1832),51.986667,19.079444,111.0
251190250,Bełchatów,Widawka (182),51.379722,19.396944,207.0
251200030,Skierniewice,Bzura (272),51.965278,20.160278,128.0
251200080,Białobrzegi,Pilica (254),51.648333,20.940278,116.0
251200130,Opoczno,Drzewiczka (2548),51.378889,20.234444,200.0
251200140,Ruszkowice,Radomka (252),51.339167,20.665833,210.0
251200150,Łaziska,Radomka (252),51.323889,20.925833,180.0
251200170,Chełsty,Czarna (Maleniecka) (2544),51.215833,20.148611,220.0
251200220,Włochów,Czarna (2544),51.098889,20.612222,345.0
251200240,Stanowiska,Czarna (Maleniecka) (2544),51.041944,20.371389,305.0
251200250,Suchedniów,Kamienna (234),51.049722,20.830556,265.0
251200270,Dąbrówka Stara,Pilica (254),51.780278,20.736944,174.0
251200290,Teofilów,Pilica (254),51.528056,20.182778,150.0
251200320,Mszczonów,Bzura (272),51.984167,20.497222,161.0
251210040,JARCZEW,Wilga (2536),51.814722,21.973333,180.0
251210120,PUŁAWY,Wisła (2),51.412778,21.966111,142.0
251210230,Starachowice,Kamienna (234),51.041667,21.055833,265.0
251210240,Brody Iłżeckie,Kamienna (234),51.018611,21.196944,190.0
251210320,Kazanów,Iłżanka (236),51.278333,21.467500,158.0
251220040,Radzyń Podlaski,Tyśmienica (248),51.769167,22.600833,150.0
251220230,Ostrówek-Kolonia,Tyśmienica (248),51.593611,22.600278,-9999.0
251220240,Zadworze,Wyżnica (2336),51.015278,22.230556,254.0
251220250,Ostrów Lubelski,Tyśmienica (248),51.496111,22.869722,157.0
251220260,Turze Rogi,Krzna (267144),51.926944,22.463889,159.0
251230120,Bezek,Wieprz (24),51.177222,23.263611,224.0
251230220,Depułtycze Królewskie,Uherka (2671434),51.083056,23.436111,216.0
251230240,Studzianka,Zielawa (2671448),51.931667,23.214722,143.0
252140070,Boleszkowice,Dopływ z Boleszkowic (191298),52.726944,14.566667,50.0
252140090,Kostrzyn Nad Odrą,Maszówek (1894),52.598611,14.661111,26.0
252140150,Maszewo,Odra (1),52.069722,14.918889,68.0
252140160,Trzcińsko-Zdrój,Rurzyca (1886592),52.964444,14.588056,53.0
252140210,Boczów,Rzepia (1786),52.316944,14.938611,79.0
252140220,Chojna,Rurzyca (1918),52.940833,14.404167,49.0
252150050,Krzyż,Noteć (188),52.881111,15.983611,34.0
252150070,Drezdenko,Noteć (188),52.854722,15.841111,31.0
252150180,Lubinicko-Świebodzin,Obrzyca (156),52.242778,15.545278,88.0
252150270,BABIMOST,Gniła Obra (1568),52.143611,15.803333,57.0
252150350,Kleszczewo,Obra (1878),52.455833,15.389722,93.0
252150360,Wityń,Obrzyca (156),52.267500,15.611111,76.0
252160050,Ryczywół,Wełna (186),52.815833,16.838889,70.0
252160110,Szamotuły-Baborówka,Sama (1872),52.584444,16.638056,74.0
252160160,Paproć,Obra (1878),52.304444,16.183056,77.0
252160230,Wielichowo,Obra (1878),52.113889,16.356389,65.0
252160350,Kopaszewo,Kanał Mosiński (1856),52.003333,16.818333,91.0
252160370,Wronki,Warta (18),52.692500,16.373056,70.0
252170060,Janowiec Wielkopolski,Wełna (186),52.754722,17.462222,95.0
252170110,Gniezno,Wełna (186),52.557500,17.531944,170.0
252170180,Września,Wrześnica (1838),52.315000,17.592500,105.0
252170190,SŁUPCA,Warta (18),52.271944,17.883333,89.0
252170210,Kórnik,Warta (18),52.245278,17.101944,77.0
252170330,Nowa Wieś Podgórna,Warta (18),52.142222,17.589167,73.0
252170390,Gniezno II,Wełna (186),52.523611,17.630278,117.0
252170410,Mogilno,Noteć Zachodnia (1882),52.644444,17.966667,95.0
252170420,Rogowo,Wełna (186),52.732500,17.643333,94.0
252180060,Pakość,Noteć (188),52.799444,18.092500,76.0
252180080,Kołuda Wielka,Noteć (188),52.735833,18.148889,88.0
252180210,Kłodawa,Rgilewka (18332),52.250833,18.915833,117.0
252180260,Turek,Kiełbaska (18334),52.010278,18.498333,115.0
252180290,Tuliszków,Powa (18352),52.067778,18.268611,111.0
252180310,RADOSZEWICE,Noteć (188),52.361944,18.706111,110.0
252180370,Kleczew,Struga Kleczewska (183459272),52.386944,18.170556,98.0
252180380,Rakowo,Noteć (188),52.497222,18.288611,103.0
252190030,GŁODOWO,Mień (2794),52.830556,19.235556,104.0
252190120,Żychlin,Bzura (272),52.242778,19.623056,97.0
252190160,Walewice,Bzura (272),52.102778,19.665556,95.0
252190190,Lutocin,Skrwa (2756),52.984722,19.751111,129.0
252190230,Poddębice,Zgłowiączka (278),52.553611,19.009167,91.0
252190240,Trębki,Bzura (272),52.320278,19.540556,105.0
252200080,BORKOWO,Wkra (268),52.561944,20.660278,85.0
252200120,LEGIONOWO,Wisła (2),52.407778,20.956111,94.0
252200150,Warszawa-Bielany,Wisła (2),52.281389,20.963333,98.0
252200290,Kampinos,Bzura (272),52.268889,20.472500,87.0
252200350,Nacpolsk,Płonka (26876),52.514167,20.251389,126.0
252210020,CZARNOWO,Orz (2656),52.881944,21.535000,94.0
252210050,PUŁTUSK,Narew (26),52.727500,21.090278,95.0
252210240,Wielgolas,Świder (256),52.037222,21.723889,150.0
252210290,Rybienko,Bug (266),52.577778,21.429167,93.0
252210320,Kozły,Bug (26714),52.452222,21.409167,107.0
252210330,Rząśnik Włościański,Narew (26),52.849722,21.720556,120.0
252220050,BRAŃSK,Nurzec (2666),52.741944,22.826389,125.0
252220120,TONKIELE,Bug (266),52.412222,22.565278,115.0
252220210,Wierzbowo Nowe,Narew (26),52.984444,22.324167,130.0
252220220,Tołwin,Bug (26714),52.499167,22.951111,175.0
252220230,Andrzejewo,Brok (2671476),52.823333,22.185278,117.0
252230010,NOWOSADY,Kołonna (2611316),52.972500,23.878889,160.0
252230030,BONDARY,Narew (26),52.937500,23.754444,147.0
252230040,NAREW,Narew (26),52.914722,23.519167,139.0
252230060,NAREWKA,Narewka (2612),52.871667,23.728056,143.0
252230080,NOWE MASIEWO,Narew (26),52.833889,23.897222,150.0
252230090,CHRABOŁY,Orlanka (2614),52.862222,23.195556,127.0
252230110,HAJNÓWKA,Leśna (26652),52.732500,23.560278,163.0
252230120,BIAŁOWIEŻA,Narewka (2612),52.707222,23.847778,163.0
252230150,Kleszczele,Nurzec (267146),52.572222,23.319444,160.0
252230190,CICIBÓR,Krzna (2664),52.076944,23.109444,144.0
252230230,NAREW,Narew (26),52.916667,23.522778,134.0
252230240,NAREWKA,Narewka (2612),52.863611,23.725000,143.0
252230250,ZAMOSZE,Narewka (2612),52.815278,23.912778,157.0
252230280,Jagodniki,Orlanka (2614),52.697222,23.489167,156.0
252230290,Bolesty,Nurzec (267146),52.736667,23.090833,156.0
253140010,Wolin,Cieśnina Dziwna (35),53.837500,14.615833,2.0
253140040,Trzebież,Zalew Szczeciński (319),53.663056,14.513889,1.0
253140060,Goleniów,Ina (198),53.593889,14.888333,34.0
253140110,Gryfino,Odra (Regalica) (19751),53.256944,14.484444,3.0
253150010,Starnin,,53.965833,15.456667,36.0
253150020,Witno,Cieśnina Dziwna (35),53.944444,15.063056,20.0
253150070,Łabędzie,Rega (42),53.650556,15.809167,100.0
253150130,Lisowo,Krąpiel (1988),53.430833,15.301389,95.0
253150190,PRZELEWICE,Płonia (1976),53.104167,15.082222,65.0
253150250,Drawno,Drawa (1888),53.213056,15.770000,76.0
253150290,Łopianów,Rega (42),53.875556,15.261389,32.0
253150310,Niedźwiedziska,Cieśnina Dziwna (35),53.949444,15.078056,20.0
253150320,Lubiana,Mała Ina (1986),53.104444,15.323333,68.0
253150330,Słonowice,Rega (42),53.716944,15.718056,105.0
253150340,Międzyrzecze,Rega (42),53.871944,15.568333,59.0
253150350,Radowo Małe,Rega (42),53.668333,15.452222,93.0
253150360,Kinowo,Rega (42),53.975000,15.451389,32.0
253160010,Sępolno Wielkie,Biała (188624),53.947500,16.773611,165.0
253160020,Osówko,Parsęta (44),53.905556,16.068056,55.0
253160040,Grzmiąca,Parsęta (44),53.835833,16.439167,100.0
253160090,WIERZCHOWO,Drawa (1888),53.460000,16.104444,137.0
253160110,Jastrowie,Gwda (1886),53.425556,16.813889,111.0
253160240,Barwice,Parsęta (44),53.753056,16.353889,133.0
253160260,Wicewo,Parsęta (44),53.887500,16.123611,47.0
253170030,RÓŻKI-DĘBIE,Brda (292),53.891111,17.148056,155.0
253170060,Zapędowo,Brda (292),53.704167,17.840278,125.0
253170160,Sypniewo,Łobżonka (1884),53.364444,17.330278,128.0
253170210,Chrząstowo,Noteć (188),53.161111,17.583611,105.0
253170320,Lipa,Noteć (188),53.050556,17.257778,62.0
253170330,Sitowiec,Krówka (29276),53.368889,17.754167,134.0
253170340,Iwno,Dopływ z Łankowic (188528),53.026667,17.418056,111.0
253170350,Czyczkowy,Wda (294),53.860833,17.733333,137.0
253170360,Pruszcz,Brda (292),53.446389,17.825556,124.0
253170370,Upiłka,Brda (292),53.946944,17.946944,141.0
253180020,RADOSTOWO,Wisła (2),53.989444,18.747222,40.0
253180040,Starogard Gdański,Wierzyca (298),53.982222,18.548889,85.0
253180060,Czarna Woda,Wda (294),53.840556,18.092778,125.0
253180090,Śliwice,Wda (294),53.704722,18.175833,119.0
253180150,Grudziądz,Wisła (2),53.437500,18.709444,25.0
253180160,Radzyń-Fijewo,Radzyńska Struga (296692),53.382778,18.946944,104.0
253180170,Nowy Jasiniec,Brda (292),53.348333,18.037222,90.0
253180220,Bydgoszcz,Brda (292),53.173611,18.045833,55.0
253180260,Lubiewo,Brda (292),53.463889,18.025000,116.0
253180270,Skórcz-Ryzowie,Wierzyca (298),53.788333,18.536944,85.0
253180280,Brzozowo,Wisła (2),53.312222,18.424722,85.0
253190030,Dobrocin,Drwęca (28),53.908333,19.828056,118.0
253190070,Prabuty,Nogat (52),53.739444,19.215000,100.0
253190220,LIDZBARK,Wel (286),53.254444,19.824167,140.0
253190260,OSTROWITE,Drwęca (28),53.420000,19.274167,101.0
253190310,Kuligi,Wel (286),53.430833,19.691111,96.0
253190360,Najmowo,Osa (296),53.308333,19.326667,104.0
253190370,Bągart,Elbląg (54),53.991667,19.384444,0.0
253190380,Lubstyn,Drwęca (28),53.527500,19.845556,200.0
253200040,Gietrzwałd,Pasłęka (56),53.751389,20.244722,107.0
253200080,Jemiołowo,Pasłęka (56),53.561667,20.299444,175.0
253200140,Wielbark,Sawica (26542),53.406111,20.937222,127.0
253200290,Bagienice,Orzyc (2658),53.255000,20.858056,130.0
253200310,Przasnysz,Orzyc (2658),53.012222,20.931389,120.0
253210130,SZCZYTNO,Omulew (2654),53.576944,21.012222,160.0
253210170,ROZOGI,Szkwa (26518),53.491389,21.379444,130.0
253210180,PTAKI,Pisa (264),53.390556,21.794722,112.0
253210210,MYSZYNIEC,Rozoga (2652),53.384444,21.350278,120.0
253210220,DOBRYLAS,Pisa (264),53.296389,21.827222,104.0
253210260,ZARUZIE,Ruż (26516),53.147500,21.802500,87.0
253210280,DOBRYLAS,Pisa (264),53.285278,21.864722,102.0
253210290,PTAKI,Pisa (264),53.393056,21.791667,107.0
253210350,TYSZKI-WĄDOŁOWO,Skroda (26498),53.447778,21.984167,152.0
253210370,ŚWIĘTAJNO,Szkwa (26518),53.563611,21.228056,142.0
253210380,Turowo,Pisa (264),53.528611,21.901667,141.0
253210390,Mikosze-Osada,Orzysza (26458),53.816111,21.907778,124.0
253210410,Targowo,Krutynia (264326),53.695278,21.028611,165.0
253220070,BIEBRZA,Ełk (2628),53.650556,22.578333,115.0
253220080,DĘBOWO,Biebrza (262),53.610556,22.930556,115.0
253220120,OSOWIEC,Biebrza (262),53.482500,22.645833,110.0
253220130,RADZIŁÓW,Wissa (26296),53.413889,22.405278,115.0
253220160,BURZYN,Biebrza (262),53.278611,22.454167,120.0
253220210,TYKOCIN,Narew (26),53.204444,22.770556,109.0
253220220,ZAWADY,Ślina (26194),53.156944,22.673333,110.0
253220270,JABŁONOWO-WYPYCHY,Narew (26),53.029722,22.750278,130.0
253220310,MOŃKI,Nereśl (2618),53.400278,22.796389,175.0
253220330,MARIANOWO II,Narew (26),53.211944,22.105833,138.0
253220360,Biernatki,Netta (2622),53.867778,22.853333,136.0
253220370,Sawino,Narew (26),53.168889,22.864722,118.0
253230020,RÓŻANYSTOK,Sidra (26214),53.635278,23.401389,160.0
253230030,JANÓW,Brzozówka (2624),53.459722,23.229444,161.0
253230060,JAŁÓWKA,Sokołda (26162),53.353889,23.340556,170.0
253230110,FASTY,Supraśl (2616),53.177500,23.025833,114.0
253230160,SUPRAŚL,Supraśl (2616),53.210833,23.332500,137.0
253230170,NOWOSIÓŁKI,Supraśl (2616),53.175000,23.526389,132.0
253230180,Drahle,Sokołda (26162),53.385556,23.555000,162.0
253230230,Zarzeczany,Supraśl (2616),53.101667,23.684444,146.0
253230250,Śluza Tartak,Czarna Hańcza (64),53.882500,23.461667,108.0
254140010,Dziwnów,Morze Bałtyckie (0),54.022222,14.731667,3.0
254150050,Białogard,Parsęta (44),54.004167,15.975000,23.0
254150060,Gąski,Czerwona (454),54.238056,15.917222,8.0
254160020,Darłowo,Wieprza (46),54.433333,16.368333,12.0
254160030,Sławno,Wieprza (46),54.351667,16.670278,25.0
254160040,Jeżyczki,Wieprza (46),54.334722,16.390556,10.0
254160060,Sierakowo,Wieprza (46),54.216389,16.516389,50.0
254160080,Polanów,Wieprza (46),54.118611,16.683056,80.0
254160110,Miastko,Wieprza (46),54.015556,16.980278,160.0
254160130,Ciecholub,Wieprza (46),54.172778,16.874444,115.0
254160140,Kłanino,Parsęta (44),54.027500,16.486111,114.0
254160150,Mokre,Ząbrza (456182),54.170278,16.401667,76.0
254170020,Smołdzino,Łupawa (474),54.667222,17.201667,4.0
254170040,Karżniczka,Łupawa (474),54.487500,17.228611,75.0
254170060,Mikorowo,Łeba (476),54.408333,17.580556,117.0
254170070,Bukowina,Łupawa (474),54.422222,17.843333,155.0
254170130,Niezabyszewo,Słupia (472),54.138333,17.423333,160.0
254170140,Kościerzyna,Wierzyca (298),54.128611,17.961944,190.0
254170190,Słupsk,Słupia (472),54.463333,17.035556,17.0
254170210,Borucino,Radunia (4868),54.253611,17.991667,-9999.0
254170280,Struszewo,Słupia (472),54.178889,17.357222,131.0
254170310,Objezierze,Słupia (472),54.300278,17.067778,142.0
254170320,Jasień,Łupawa (474),54.285556,17.636944,151.0
254170330,Tuchomko,Słupia (472),54.131389,17.368333,-9999.0
254180010,Rozewie,Bałtyk (0),54.829444,18.335556,54.0
254180050,Wejherowo,Reda (478),54.598333,18.270278,22.0
254180060,Gdynia,Bałtyk (0),54.518889,18.559444,2.0
254180070,Tępcz,Łeba (476),54.507500,18.038889,178.0
254180090,Gdańsk-Rębiechowo,Morze Bałtyckie (0),54.371111,18.486667,146.0
254180130,Goręczyno,Radunia (4868),54.261944,18.162500,177.0
254180140,Ostrzyce-Brodnica Górna,Radunia (4868),54.274444,18.091389,213.0
254180260,Gdańsk-Port Północny,Bałtyk (0),54.399722,18.697778,2.0
254180270,Zelewo,Reda (478),54.623056,18.075278,43.0
254180280,Szemud,Reda (478),54.493056,18.213611,154.0
254180290,Szymankowo,Święta (1974398),54.074167,18.931389,3.0
254190020,Nowa Pasłęka,Zalew Wiślany (5119),54.426111,19.746944,2.0
254190050,Frombork,Zalew Wiślany (5119),54.360278,19.677222,2.0
254190070,Tolkmicko,Zalew Wiślany (5119),54.325278,19.522500,2.0
254190080,Pierzchały,Pasłęka (56),54.300556,19.849167,11.0
254190120,Kmiecin,Szkarpawa (514),54.187778,19.163889,0.0
254190150,SŁOBITY,Zalew Wiślany (5119),54.129722,19.751389,55.0
254190160,Pasłęk,Wąska (5456),54.068611,19.636111,14.0
254190190,Elbląg,Elbląg (54),54.161944,19.431389,39.0
254190230,Rogity,Pasłęka (56),54.389167,19.861389,8.0
254200040,BARTOSZYCE,Łyna (584),54.240278,20.797778,59.0
254200050,Bornity,Wałsza (568),54.184444,20.050833,47.0
254200070,KASZUNY,Drwęca Warmińska (566),54.158333,20.339722,89.0
254200080,LIDZBARK WARMIŃSKI,Łyna (584),54.135833,20.586111,90.0
254200140,Osieka,Łyna (584),54.208889,20.782500,74.0
254210020,WĘGORZEWO,Węgorapa (582),54.223889,21.734722,116.0
254220020,ŻABIN,Węgorapa (582),54.321389,22.038056,110.0
254220030,GOŁDAP,Gołdapa (5824),54.308333,22.268611,159.0
254220060,BANIE MAZURSKIE,Gołdapa (5824),54.251667,22.023056,110.0
254220090,OLECKO,Jez. Olecko Wielkie (2626139),54.047500,22.486944,182.0
254220120,Przerośl,Błędzianka (5828),54.258056,22.659722,215.0
254230040,Podwojponie,Szeszupa (68),54.300278,23.119444,207.0
349190600,Bielsko-Biała,Biała (2114),49.806667,19.002222,396.0
349190625,Zakopane,Biały Dunajec (21412),49.293889,19.960278,852.0
349190650,KASPROWY WIERCH,Biały Dunajec (21412),49.232500,19.981944,1990.0
349200628,Hala Gąsienicowa,Poroniec (214128),49.243889,20.005833,1523.0
349200660,NOWY SĄCZ,Dunajec (214),49.627222,20.688611,292.0
349210670,KROSNO,Wisłok (226),49.706667,21.769167,330.0
349220690,LESKO,San (22),49.466389,22.341667,420.0
349220695,PRZEMYŚL,San (22),49.804167,22.771944,279.0
350150500,Jelenia Góra,Bóbr (16),50.900278,15.788889,342.0
350150510,Śnieżka,Łomniczka (16184),50.736389,15.739722,1603.0
350160520,Kłodzko,Nysa Kłodzka (12),50.436944,16.614167,356.0
350170530,Opole,Odra (1),50.626944,17.968889,163.0
350180540,Racibórz,Odra (1),50.061111,18.190833,206.0
350190550,Częstochowa,Warta (18),50.811944,19.091667,293.0
350190560,KATOWICE-MUCHOWIEC,Brynica (2126),50.240556,19.032778,278.0
350190566,Kraków-Balice,Rudawa (2136),50.077778,19.795000,236.0
350200570,KIELCE-SUKÓW,Lubrzanka (21644),50.810556,20.692222,260.0
350200575,TARNÓW,Biała (2148),50.025556,20.941944,210.0
350210585,SANDOMIERZ,Wisła (2),50.696667,21.715833,217.0
350220580,RZESZÓW-JASIONKA,Wisłok (226),50.110833,22.042222,206.0
350230595,Zamość,Łabuńka (242),50.698333,23.205556,223.0
351150400,Zielona Góra,Odra (1),51.930000,15.524722,192.0
351160415,Legnica,Kaczawa (138),51.192500,16.207778,123.0
351160418,Leszno,Strzyżewicki Rów (14884),51.835556,16.534722,91.0
351160424,Wrocław-Strachowice,Odra (1),51.103333,16.900000,120.0
351160425,WROCŁAW,Odra (1),51.113611,16.881667,120.0
351180435,Kalisz,Prosna (184),51.781111,18.080833,137.0
351180455,Wieluń,Warta (18),51.210278,18.556667,199.0
351190465,Łódź-Lublinek,Ner (1832),51.718333,19.387222,174.0
351190469,Sulejów,Pilica (254),51.353333,19.866389,188.0
351210488,Kozienice,Wisła (2),51.564722,21.543611,123.0
351220495,LUBLIN-RADAWIEC,Bystrzyca (246),51.216667,22.393056,238.0
351230497,Włodawa,Bug (266),51.553333,23.529444,177.0
352140310,Słubice,Odra (1),52.348611,14.619722,53.0
352150300,Gorzów Wlkp.,Warta (18),52.741111,15.277222,71.0
352160330,Poznań-Ławica,Warta (18),52.416667,16.834722,88.0
352180345,Koło-Radoszewice,Noteć (188),52.361944,18.706111,109.0
352190360,PŁOCK,Wisła (2),52.588333,19.725833,106.0
352200375,Warszawa,Wisła (2),52.162778,20.961111,106.0
352220385,SIEDLCE,Liwiec (2668),52.181111,22.244722,152.0
352230399,TERESPOL,Bug (266),52.078611,23.621944,133.0
353140200,Świnoujście,Bałtyk (0),53.923333,14.242222,4.0
353140205,Szczecin,Odra (1),53.395278,14.622778,1.0
353150210,Resko-Smólsko,Rega (42),53.763611,15.393333,52.0
353160213,Barwice,Parsęta (44),53.753056,16.353889,133.0
353160215,Szczecinek,Gwda (1886),53.717778,16.746667,139.0
353160230,Piła,Gwda (1886),53.130556,16.747222,72.0
353170235,Chojnice,Brda (292),53.715278,17.532500,164.0
353180250,Toruń,Wisła (2),53.041944,18.595556,69.0
353180255,Kwidzyn,Liwa (522),53.734167,18.871667,-9999.0
353200270,MŁAWA,Wkra (268),53.104167,20.361111,147.0
353200272,OLSZTYN,Łyna (584),53.768611,20.421389,133.0
353210280,MIKOŁAJKI,Jez. Mikołajskie (26439),53.789167,21.589722,127.0
353210285,OSTROŁĘKA,Narew (26),53.065833,21.533889,94.0
353230295,BIAŁYSTOK,Biała (26168),53.107222,23.162222,148.0
354150100,Kołobrzeg-Dźwirzyno,Jez. Resko Przymorskie (43219),54.158333,15.388889,4.0
354160105,Koszalin,Dzierżęcinka (45614),54.204444,16.155278,33.0
354160115,Ustka,Bałtyk (0),54.588333,16.854167,3.0
354170120,Łeba,Łeba (476),54.753611,17.534722,1.0
354170125,Lębork,Łeba (476),54.553056,17.756944,39.0
354180135,Hel,Bałtyk (0),54.603611,18.811944,1.0
354180155,Gdańsk-Świbno,Wisła (2),54.333611,18.934444,7.0
354190160,Elbląg-Milejewo,Elbląg (54),54.223333,19.543611,189.0
354210185,KĘTRZYN,Guber (5848),54.067222,21.366667,107.0
354220195,SUWAŁKI,Czarna Hańcza (64),54.130833,22.948889,184.0
